{
  "project_info": {
    "project_number": "793004653308",
    "project_id": "inicio-a4cf4",
    "storage_bucket": "inicio-a4cf4.appspot.com"
  },
  "client": [
    {
      "client_info": {
        "mobilesdk_app_id": "1:793004653308:android:b607c301c2ec9530377579",
        "android_client_info": {
          "package_name": "Robin.Do"
        }
      },
      "oauth_client": [
        {
          "client_id": "793004653308-6no9bugpmmphirrriihmd0e8fmv1kpgk.apps.googleusercontent.com",
          "client_type": 3
        }
      ],
      "api_key": [
        {
          "current_key": "AIzaSyArP82CZRf1SNmYpfr6r-9XhaCT_RvOHF4"
        }
      ],
      "services": {
        "appinvite_service": {
          "other_platform_oauth_client": [
            {
              "client_id": "793004653308-6no9bugpmmphirrriihmd0e8fmv1kpgk.apps.googleusercontent.com",
              "client_type": 3
            },
            {
              "client_id": "793004653308-1pkb7b5uo9phns8vhgvq5koe1albm03l.apps.googleusercontent.com",
              "client_type": 2,
              "ios_info": {
                "bundle_id": "com.flutterflow.healthai"
              }
            }
          ]
        }
      }
    },
    {
      "client_info": {
        "mobilesdk_app_id": "1:793004653308:android:19c610259d3d6323377579",
        "android_client_info": {
          "package_name": "com.flutterflow.healthai"
        }
      },
      "oauth_client": [
        {
          "client_id": "793004653308-6no9bugpmmphirrriihmd0e8fmv1kpgk.apps.googleusercontent.com",
          "client_type": 3
        }
      ],
      "api_key": [
        {
          "current_key": "AIzaSyArP82CZRf1SNmYpfr6r-9XhaCT_RvOHF4"
        }
      ],
      "services": {
        "appinvite_service": {
          "other_platform_oauth_client": [
            {
              "client_id": "793004653308-6no9bugpmmphirrriihmd0e8fmv1kpgk.apps.googleusercontent.com",
              "client_type": 3
            },
            {
              "client_id": "793004653308-1pkb7b5uo9phns8vhgvq5koe1albm03l.apps.googleusercontent.com",
              "client_type": 2,
              "ios_info": {
                "bundle_id": "com.flutterflow.healthai"
              }
            }
          ]
        }
      }
    },
    {
      "client_info": {
        "mobilesdk_app_id": "1:793004653308:android:e82b92faf1995244377579",
        "android_client_info": {
          "package_name": "com.flutterflow.homeU"
        }
      },
      "oauth_client": [
        {
          "client_id": "793004653308-6no9bugpmmphirrriihmd0e8fmv1kpgk.apps.googleusercontent.com",
          "client_type": 3
        }
      ],
      "api_key": [
        {
          "current_key": "AIzaSyArP82CZRf1SNmYpfr6r-9XhaCT_RvOHF4"
        }
      ],
      "services": {
        "appinvite_service": {
          "other_platform_oauth_client": [
            {
              "client_id": "793004653308-6no9bugpmmphirrriihmd0e8fmv1kpgk.apps.googleusercontent.com",
              "client_type": 3
            },
            {
              "client_id": "793004653308-1pkb7b5uo9phns8vhgvq5koe1albm03l.apps.googleusercontent.com",
              "client_type": 2,
              "ios_info": {
                "bundle_id": "com.flutterflow.healthai"
              }
            }
          ]
        }
      }
    },
    {
      "client_info": {
        "mobilesdk_app_id": "1:793004653308:android:06d4f0f06cc281fc377579",
        "android_client_info": {
          "package_name": "com.mycompany.oldapp"
        }
      },
      "oauth_client": [
        {
          "client_id": "793004653308-q19cjqdmhj4tlnopmq3j8ffmouqgcc77.apps.googleusercontent.com",
          "client_type": 1,
          "android_info": {
            "package_name": "com.mycompany.oldapp",
            "certificate_hash": "9bbb3186b2189ef16d8f272bdab59362c395cbb4"
          }
        },
        {
          "client_id": "793004653308-6no9bugpmmphirrriihmd0e8fmv1kpgk.apps.googleusercontent.com",
          "client_type": 3
        }
      ],
      "api_key": [
        {
          "current_key": "AIzaSyArP82CZRf1SNmYpfr6r-9XhaCT_RvOHF4"
        }
      ],
      "services": {
        "appinvite_service": {
          "other_platform_oauth_client": [
            {
              "client_id": "793004653308-6no9bugpmmphirrriihmd0e8fmv1kpgk.apps.googleusercontent.com",
              "client_type": 3
            },
            {
              "client_id": "793004653308-1pkb7b5uo9phns8vhgvq5koe1albm03l.apps.googleusercontent.com",
              "client_type": 2,
              "ios_info": {
                "bundle_id": "com.flutterflow.healthai"
              }
            }
          ]
        }
      }
    },
    {
      "client_info": {
        "mobilesdk_app_id": "1:793004653308:android:dc120d54b58d479e377579",
        "android_client_info": {
          "package_name": "com.mycompany.oldapp2"
        }
      },
      "oauth_client": [
        {
          "client_id": "793004653308-v7khdd6ociro048s4j0isa6tjg2deivg.apps.googleusercontent.com",
          "client_type": 1,
          "android_info": {
            "package_name": "com.mycompany.oldapp2",
            "certificate_hash": "9bbb3186b2189ef16d8f272bdab59362c395cbb4"
          }
        },
        {
          "client_id": "793004653308-6no9bugpmmphirrriihmd0e8fmv1kpgk.apps.googleusercontent.com",
          "client_type": 3
        }
      ],
      "api_key": [
        {
          "current_key": "AIzaSyArP82CZRf1SNmYpfr6r-9XhaCT_RvOHF4"
        }
      ],
      "services": {
        "appinvite_service": {
          "other_platform_oauth_client": [
            {
              "client_id": "793004653308-6no9bugpmmphirrriihmd0e8fmv1kpgk.apps.googleusercontent.com",
              "client_type": 3
            },
            {
              "client_id": "793004653308-1pkb7b5uo9phns8vhgvq5koe1albm03l.apps.googleusercontent.com",
              "client_type": 2,
              "ios_info": {
                "bundle_id": "com.flutterflow.healthai"
              }
            }
          ]
        }
      }
    }
  ],
  "configuration_version": "1"
}